name,category,unit,defaultPrice,costPrice,vatRate,isAvailable,description,minOrderQuantity
Arance Tarocco,Frutta,KG,1.80,1.10,4,true,,
Arance Navel,Frutta,KG,1.60,0.95,4,true,,
Mele Golden,Frutta,KG,2.20,1.30,4,true,,
Mele Fuji,Frutta,KG,2.40,1.40,4,true,,
Mele Annurca,Frutta,KG,3.00,1.80,4,true,,
Pere Abate,Frutta,KG,2.50,1.50,4,true,,
Pere Williams,Frutta,KG,2.60,1.60,4,true,,
Banane,Frutta,KG,1.40,0.80,4,true,,
Fragole,Frutta,KG,5.00,3.00,4,true,,
Limoni di Amalfi,Frutta,KG,2.80,1.70,4,true,,
Limoni Verdelli,Frutta,KG,2.20,1.30,4,true,,
Kiwi,Frutta,KG,2.80,1.60,4,true,,
Clementine,Frutta,KG,2.00,1.20,4,true,,
Mandarini,Frutta,KG,2.20,1.30,4,true,,
Ciliegie,Frutta,KG,8.00,5.00,4,true,,
Pesche Gialle,Frutta,KG,2.80,1.70,4,true,,
Pesche Noci,Frutta,KG,3.00,1.80,4,true,,
Albicocche,Frutta,KG,4.00,2.50,4,true,,
Uva Italia,Frutta,KG,3.00,1.80,4,true,,
Uva Nera,Frutta,KG,3.20,2.00,4,true,,
Avocado,Frutta Esotica,KG,6.00,3.80,4,true,,
Mango,Frutta Esotica,KG,5.50,3.50,4,true,,
Ananas,Frutta Esotica,PEZZI,3.00,1.80,4,true,,
Cocco,Frutta Esotica,PEZZI,2.50,1.50,4,true,,
Papaya,Frutta Esotica,KG,6.00,4.00,4,true,,
Passion Fruit,Frutta Esotica,KG,12.00,8.00,4,true,,
Melograno,Frutta,KG,3.50,2.20,4,true,,
Lime,Frutta Esotica,KG,4.00,2.50,4,true,,
Litchi,Frutta Esotica,KG,10.00,7.00,4,true,,
Fichi d'India,Frutta,KG,4.00,2.50,4,true,,
Datteri,Frutta Secca,KG,8.00,5.00,4,true,,
Castagne,Frutta Secca,KG,6.00,3.50,4,true,,
Mandorle,Frutta Secca,KG,12.00,8.00,4,true,,
Nocciole,Frutta Secca,KG,14.00,9.00,4,true,,
Noci,Frutta Secca,KG,10.00,6.50,4,true,,
Pistacchi,Frutta Secca,KG,18.00,12.00,4,true,,
Pinoli,Frutta Secca,KG,40.00,28.00,4,true,,
Fichi Secchi,Frutta Secca,KG,7.00,4.50,4,true,,
Pomodori San Marzano,Ortaggi,KG,2.50,1.50,4,true,,
Pomodori Ciliegino,Ortaggi,KG,3.00,1.80,4,true,,
Pomodori Cuore di Bue,Ortaggi,KG,3.50,2.00,4,true,,
Melanzane,Ortaggi,KG,1.80,1.00,4,true,,
Zucchine,Ortaggi,KG,2.00,1.10,4,true,,
Zucchine Romanesche,Ortaggi,KG,2.50,1.40,4,true,,
Peperoni Rossi,Ortaggi,KG,2.80,1.70,4,true,,
Peperoni Gialli,Ortaggi,KG,3.00,1.80,4,true,,
Peperoni Verdi,Ortaggi,KG,2.20,1.30,4,true,,
Carote,Verdura,KG,1.20,0.70,4,true,,
Patate,Verdura,KG,1.00,0.55,4,true,,
Patate Novelle,Verdura,KG,1.80,1.00,4,true,,
Cipolle Dorate,Verdura,KG,1.00,0.55,4,true,,
Cipolle Rosse Tropea,Verdura,KG,2.00,1.20,4,true,,
Aglio Bianco,Verdura,KG,5.00,3.00,4,true,,
Broccoli,Verdura,KG,2.20,1.30,4,true,,
Cavolfiore,Verdura,KG,2.00,1.10,4,true,,
Cavolo Nero,Verdura,KG,2.50,1.40,4,true,,
Carciofi,Verdura,PEZZI,0.80,0.45,4,true,,
Finocchi,Verdura,KG,2.00,1.10,4,true,,
Cetrioli,Verdura,KG,1.60,0.90,4,true,,
Fagiolini,Verdura,KG,3.50,2.20,4,true,,
Sedano,Verdura,PEZZI,1.20,0.70,4,true,,
Spinaci,Verdura,KG,3.00,1.80,4,true,,
Lattuga Iceberg,Verdura,PEZZI,1.00,0.55,4,true,,
Lattuga Romana,Verdura,PEZZI,1.20,0.65,4,true,,
Insalata Gentile,Verdura,PEZZI,1.00,0.55,4,true,,
Rucola,Verdura,MAZZO,1.50,0.80,4,true,,
Radicchio Trevigiano,Verdura,KG,3.50,2.00,4,true,,
Zucca,Verdura,KG,1.50,0.80,4,true,,
Basilico Fresco,Erbe Aromatiche,MAZZO,1.00,0.50,4,true,,
Prezzemolo,Erbe Aromatiche,MAZZO,0.80,0.40,4,true,,
Rosmarino,Erbe Aromatiche,MAZZO,1.00,0.50,4,true,,
Menta Fresca,Erbe Aromatiche,MAZZO,1.00,0.50,4,true,,
Salvia,Erbe Aromatiche,MAZZO,1.00,0.50,4,true,,
Timo,Erbe Aromatiche,MAZZO,1.20,0.60,4,true,,
Origano Fresco,Erbe Aromatiche,MAZZO,1.00,0.50,4,true,,
Erba Cipollina,Erbe Aromatiche,MAZZO,1.20,0.60,4,true,,
Coriandolo,Erbe Aromatiche,MAZZO,1.50,0.80,4,true,,
Alloro,Erbe Aromatiche,MAZZO,1.00,0.50,4,true,,
Peperoncino Fresco,Spezie,KG,8.00,5.00,4,true,,
Zenzero Fresco,Spezie,KG,6.00,3.50,4,true,,
Curcuma Fresca,Spezie,KG,7.00,4.00,4,true,,
Rafano,Spezie,KG,5.00,3.00,4,true,,
Pepe Rosa in Grani,Spezie,KG,25.00,16.00,4,true,,
"Cassetta Di Mango ( 8 Frutti )","Frutta Esotica","KG","0.00","","4","false","",""
"Raviolini Di Carne 500gr","Frutta","KG","0.00","","4","false","",""
"Rigatino Avvolto Affettato","Frutta","KG","0.00","","4","false","",""
"Box Verdura Piccolo","Frutta","KG","0.00","","4","false","",""
"Feijoa 1 Frutto","Frutta","PEZZI","0.00","","4","false","",""
"Mela Renetta 1kg","Frutta","KG","0.00","","4","false","",""
"Ananas Disidratata 200gr","Frutta Esotica","KG","0.00","","4","false","",""
"Zucca Hokkaido 1 Pezzo","Ortaggi","PEZZI","0.00","","4","false","",""
"Banane 1kg","Frutta Esotica","KG","0.00","","4","false","",""
"Fresella Cotta A Legna 500gr","Frutta","KG","0.00","","4","false","",""
"Minestrone 1busta","Frutta","KG","0.00","","4","false","",""
"Peperone Friggitello","Frutta","KG","0.00","","4","false","",""
"Torroncini Morbidi Al Bergamotto 200gr","Frutta","KG","0.00","","4","false","",""
"Patatine Novelle","Ortaggi","KG","0.00","","4","false","",""
"Carciofi Grigliati Sott'olio 1kg","Frutta","KG","0.00","","4","false","",""
"Finocchi 1kg","Ortaggi","KG","0.00","","4","false","",""
"Cassetta Di Patate Viterbo ( 5kg )","Ortaggi","KG","0.00","","4","false","",""
"Gnocchetti All&#039;uovo 500gr","Frutta","KG","0.00","","4","false","",""
"Ceci 500gr.","Frutta","KG","0.00","","4","false","",""
"Patate Cotte Al Vapore Senza Buccia 500gr","Ortaggi","KG","0.00","","4","false","",""
"Clementine 1kg","Frutta","KG","0.00","","4","false","",""
"Papaya Via Aerea 1 Frutto","Frutta Esotica","PEZZI","0.00","","4","false","",""
"Cavolo Verza Cinese 1 Pz","Frutta","PEZZI","0.00","","4","false","",""
"Filetti Di Acciughe 250gr","Frutta","KG","0.00","","4","false","",""
"Cavoletti Toscani 1 Mazzo","Ortaggi","MAZZO","0.00","","4","false","",""
"Insalata Iceberg 1pz","Ortaggi","PEZZI","0.00","","4","false","",""
"Lenticchie Verdi 1 Bustina (333gr)","Frutta","KG","0.00","","4","false","",""
"Tamarindo ( 1 Confezione )","Frutta Esotica","KG","0.00","","4","false","",""
"Fungo Cardoncello","Frutta","KG","0.00","","4","false","",""
"Miele Castagno 400gr","Frutta","KG","0.00","","4","false","",""
"Olive Rosatelle 500gr.","Frutta","KG","0.00","","4","false","",""
"Kiwi Gold Zespri","Frutta","KG","0.00","","4","false","",""
"Cassetta Verdura Mista","Frutta","KG","0.00","","4","false","",""
"Tumbo (curuba ) 1 Frutto","Frutta","PEZZI","0.00","","4","false","",""
"Mela Pink Lady 1kg","Frutta","KG","0.00","","4","false","",""
"Zapote 1 Frutto","Frutta","PEZZI","0.00","","4","false","",""
"Broccolo Romanesco 1pz","Ortaggi","PEZZI","0.00","","4","false","",""
"Pesca Tabacchiera ( Saturnina ) 1 Kg","Frutta","KG","0.00","","4","false","",""
"Melagrana Da Spremuta 1kg","Frutta","KG","0.00","","4","false","",""
"Patate Rosse Pasta Gialla 1kg","Ortaggi","KG","0.00","","4","false","",""
"Barbabietola Rossa Fresca 1kg","Frutta","KG","0.00","","4","false","",""
"Lampone Rosso 125gr","Frutta","KG","0.00","","4","false","",""
"Radicchio 1pz.","Ortaggi","PEZZI","0.00","","4","false","",""
"Cavolo Nero 1kg","Frutta","KG","0.00","","4","false","",""
"Pesca Noce (nettarina) 1kg","Frutta","KG","0.00","","4","false","",""
"Noci Lara Grezze 5kg","Frutta","KG","0.00","","4","false","",""
"Fungo Pleuroteus 500gr.","Frutta","KG","0.00","","4","false","",""
"Mele Smith 1kg","Frutta","KG","0.00","","4","false","",""
"Ceci Messicani 500gr","Frutta","KG","0.00","","4","false","",""
"Patate Tagliate Chips 600gr","Frutta","KG","0.00","","4","false","",""
"Fagiolini Al Burro Extrafini Puliti 500gr","Frutta","KG","0.00","","4","false","",""
"Zenzero Fresco 500gr.","Frutta","KG","0.00","","4","false","",""
"Mini Mais 1 Pezzo","Frutta","PEZZI","0.00","","4","false","",""
"Mais Cotto Al Vapore 2 Pezzi","Frutta","KG","0.00","","4","false","",""
"Ravanelli","Frutta","KG","0.00","","4","false","",""
"Peperone Giallo 1kg","Frutta","KG","0.00","","4","false","",""
"Patate Dolci Pasta Viola 10kg","Frutta","KG","0.00","","4","false","",""
"Cuori Di Sedano 1 Pz","Frutta","PEZZI","0.00","","4","false","",""
"Fagioli Rossi 1 Bustina (333gr)","Frutta","KG","0.00","","4","false","",""
"Susine ( Prugne ) Bianche 0,5kg","Frutta","KG","0.00","","4","false","",""
"Chips Di Barbabietola Rossa 1 Bustina","Ortaggi","KG","0.00","","4","false","",""
"Mandorle Sgusciate Pelate 200gr","Frutta Secca","KG","0.00","","4","false","",""
"Avocado 1 Frutto","Frutta","PEZZI","0.00","","4","false","",""
"Pistacchio Salato","Frutta Secca","KG","0.00","","4","false","",""
"Mele Golden Melinda 1kg","Frutta","KG","0.00","","4","false","",""
"Arance Da Spremuta 1kg","Frutta","KG","0.00","","4","false","",""
"Canna Da Zucchero 1 Pezzo","Frutta","PEZZI","0.00","","4","false","",""
"Radicchio Tardivo 1kg","Frutta","KG","0.00","","4","false","",""
"Pomodoro Camona 500gr","Ortaggi","KG","0.00","","4","false","",""
"Aglio Nero 3pz.","Ortaggi","PEZZI","0.00","","4","false","",""
"Datterino Rosso","Ortaggi","KG","0.00","","4","false","",""
"Pandan 1 Cassa ( 2 Kg ) Su Ordinazione","Frutta","KG","0.00","","4","false","",""
"Mela Cotogna 1 Kg","Frutta","KG","0.00","","4","false","",""
"Pitaya Rossa ( Dragon Fruit ) 1 Pezzo","Frutta Esotica","PEZZI","0.00","","4","false","",""
"Cocco ( 1 Frutto )","Frutta Esotica","PEZZI","0.00","","4","false","",""
"Lenticchia 500gr.","Frutta","KG","0.00","","4","false","",""
"Cassetta Frutta Mista","Frutta","KG","0.00","","4","false","",""
"Asparago Bianco 1kg","Frutta","KG","0.00","","4","false","",""
"Prugna Secca","Frutta Secca","KG","0.00","","4","false","",""
"Valeriana Fresca","Frutta","KG","0.00","","4","false","",""
"Ramboutan ( 1 Cassa )","Frutta","KG","0.00","","4","false","",""
"Borragine 3kg","Frutta","KG","0.00","","4","false","",""
"Crauti Viola 1pz","Frutta","PEZZI","0.00","","4","false","",""
"Fungo Champignon 300gr.","Frutta","KG","0.00","","4","false","",""
"Mangostano 1 Frutto","Frutta Esotica","PEZZI","0.00","","4","false","",""
"Melanzane A Filetti 1kg","Frutta","KG","0.00","","4","false","",""
"Daikon 1pz","Frutta","PEZZI","0.00","","4","false","",""
"Rosmarino Fresco","Frutta","KG","0.00","","4","false","",""
"Fichi Secchi Vassoio Da 250gr","Frutta","KG","0.00","","4","false","",""
"Paccheri Acqua E Farina 500gr","Frutta","KG","0.00","","4","false","",""
"Pere Williams Opera 1 Kg","Frutta","KG","0.00","","4","false","",""
"Zucca Butternut 2kg","Ortaggi","KG","0.00","","4","false","",""
"Arance Tarocco 1kg","Frutta","KG","0.00","","4","false","",""
"Mele Royal 1kg","Frutta","KG","0.00","","4","false","",""
"Olive Verdi Dolci 500gr.","Frutta","KG","0.00","","4","false","",""
"Zucca Asterix 1 Pezzo","Ortaggi","PEZZI","0.00","","4","false","",""
"Fagiolini Al Burro Extrafini 500gr","Frutta","KG","0.00","","4","false","",""
"More 125gr","Frutta","KG","0.00","","4","false","",""
"Ribes Rosso","Frutta","KG","0.00","","4","false","",""
"Carciofo Violetto 1 Pz","Frutta","PEZZI","0.00","","4","false","",""
"Ananas Baby ( 1 Cassa ) 4 Frutti","Frutta Esotica","KG","0.00","","4","false","",""
"Fiori Di Zucca 1 Confezione","Frutta","KG","0.00","","4","false","",""
"Melagrana Da Spremuta 5kg","Frutta","KG","0.00","","4","false","",""
"Kiwano ( 1 Frutto )","Frutta","PEZZI","0.00","","4","false","",""
"Cavolfiore Bianco 1pz","Frutta","PEZZI","0.00","","4","false","",""
"Pere Abate 1kg","Frutta","KG","0.00","","4","false","",""
"Anacardo Tostato","Frutta Secca","KG","0.00","","4","false","",""
"Carciofo Violetto","Frutta","KG","0.00","","4","false","",""
"Arachidi Sgusciati Salati 1kg","Frutta Secca","KG","0.00","","4","false","",""
"Arachidi In Guscio 500gr.","Frutta Secca","KG","0.00","","4","false","",""
"Gallette Di Platano 135gr","Frutta","KG","0.00","","4","false","",""
"Crauti Bianchi 1pz","Frutta","PEZZI","0.00","","4","false","",""
"Prugne Secche Extralarge 250gr","Frutta","KG","0.00","","4","false","",""
"Insalata Scarola 1 Pz","Frutta","PEZZI","0.00","","4","false","",""
"Fagiolini Teneri 0,5 Kg","Frutta","KG","0.00","","4","false","",""
"Ananas Baby 1 Frutto","Frutta Esotica","PEZZI","0.00","","4","false","",""
"Timo Vulgaris 1 Vaso","Ortaggi","KG","0.00","","4","false","",""
"Fagiolini Fini","Frutta","KG","0.00","","4","false","",""
"Patate Dolci Pasta Viola 1kg","Ortaggi","KG","0.00","","4","false","",""
"Porro 2pezzi","Ortaggi","KG","0.00","","4","false","",""
"Ananas Gold 1pz","Frutta","PEZZI","0.00","","4","false","",""
"Radice Di Rafano 5 Kg","Frutta","KG","0.00","","4","false","",""
"Kiwi 1kg","Frutta Esotica","KG","0.00","","4","false","",""
"Guanabana 1 Cassa 1 Frutto ( Su Ordinazione )","Frutta","PEZZI","0.00","","4","false","",""
"Succo E Nettare Di Mango 1lt","Frutta","KG","0.00","","4","false","",""
"Mandorla Guscio","Frutta Secca","KG","0.00","","4","false","",""
"Durian 1 Cassa 2/3 Frutti ( Su Ordinazione )","Frutta","KG","0.00","","4","false","",""
"Aglio In Spicchi 1 Cofanetto","Ortaggi","KG","0.00","","4","false","",""
"Topinambur","Ortaggi","KG","0.00","","4","false","",""
"Cipolle Gialle 1kg","Ortaggi","KG","0.00","","4","false","",""
"Prezzemolo 1 Mazzo","Erbe Aromatiche","MAZZO","0.00","","4","false","",""
"Asparagi 1 Mazzo 500gr","Frutta","MAZZO","0.00","","4","false","",""
"Dragoncello Fresco 1pz","Frutta","PEZZI","0.00","","4","false","",""
"Castagne Italia 1kg","Frutta","KG","0.00","","4","false","",""
"Verza Riccia 1 Pz","Frutta","PEZZI","0.00","","4","false","",""
"Radicchio Rosa Di Verona 1kg","Frutta","KG","0.00","","4","false","",""
"Mele Stark Delicious 1kg","Frutta","KG","0.00","","4","false","",""
"Sakura Mix","Frutta","KG","0.00","","4","false","",""
"Chips Di Patata Dolce 1 Bustina","Ortaggi","KG","0.00","","4","false","",""
"Pistacchi In Guscio 200gr","Frutta Secca","KG","0.00","","4","false","",""
"Lime 10kg","Frutta","KG","0.00","","4","false","",""
"Sedano Rapa 1kg","Frutta","KG","0.00","","4","false","",""
"Lenticchia Decorticata 500gr.","Frutta","KG","0.00","","4","false","",""
"Pere Williams Bianche 1kg","Frutta","KG","0.00","","4","false","",""
"Piselli Freschi 1 Kg","Frutta","KG","0.00","","4","false","",""
"Agnolotti Di Carne 500gr","Frutta","KG","0.00","","4","false","",""
"Melone Gialletto Invernale 1pz","Frutta","PEZZI","0.00","","4","false","",""
"Tamarindo 4,5kg","Frutta","KG","0.00","","4","false","",""
"Lemongrass 1 Cassa 3kg ( Su Ordinazione )","Frutta","KG","0.00","","4","false","",""
"Lattuga 1pz","Ortaggi","PEZZI","0.00","","4","false","",""
"Arance Bionde","Frutta","KG","0.00","","4","false","",""
"Menta Fresca 100 Gr","Frutta","KG","0.00","","4","false","",""
"Carciofino Alla Brace 950gr","Frutta","KG","0.00","","4","false","",""
"Papaya Disitratata 200gr","Frutta Esotica","KG","0.00","","4","false","",""
"Mela Envy","Frutta","KG","0.00","","4","false","",""
"Guanciale Al Peperoncino Trancio 300gr","Frutta","KG","0.00","","4","false","",""
"Strozzapreti Acqua E Farina 500gr","Frutta","KG","0.00","","4","false","",""
"Fagioli Neri 500gr","Frutta","KG","0.00","","4","false","",""
"Box Del Mese","Frutta","KG","0.00","","4","false","",""
"Mix Frutti Bosco","Frutta","KG","0.00","","4","false","",""
"Keffir Lime Leaves 25pz ( Prodotto Su Ordinazione )","Frutta Esotica","PEZZI","0.00","","4","false","",""
"Orecchiette Acqua E Farina 500gr","Frutta","KG","0.00","","4","false","",""
"Mango Disidratato","Frutta Secca","KG","0.00","","4","false","",""
"Melograno 1 Frutto","Frutta","PEZZI","0.00","","4","false","",""
"Cipolla Rossa Di Tropea 1 Treccia","Ortaggi","KG","0.00","","4","false","",""
"Ramboutan 1 Frutto","Frutta","PEZZI","0.00","","4","false","",""
"Nocciole Sgusciate 1kg","Frutta Secca","KG","0.00","","4","false","",""
"Pesca Rossa 1kg","Frutta","KG","0.00","","4","false","",""
"Zucca Cubetti 500gr","Frutta","KG","0.00","","4","false","",""
"Cassava Yuca Manioca 1 Pezzo","Frutta","PEZZI","0.00","","4","false","",""
"Patate Viola","Ortaggi","KG","0.00","","4","false","",""
"Susine ( Prugne ) Nere 0,5kg","Frutta","KG","0.00","","4","false","",""
"Patate Dolci A Pasta Bianca 10kg","Frutta","KG","0.00","","4","false","",""
"Cicorietta A Mazzi","Frutta","MAZZO","0.00","","4","false","",""
"Scarola 1pezzo","Ortaggi","PEZZI","0.00","","4","false","",""
"Papaya ( 1 Cassa )","Frutta Esotica","KG","0.00","","4","false","",""
"Basilico Vaso 1pz","Ortaggi","PEZZI","0.00","","4","false","",""
"Peperoncino Paprika Rosso","Frutta","KG","0.00","","4","false","",""
"Radice Di Rafano 1kg","Frutta","KG","0.00","","4","false","",""
"Insalata Gentilina 2 Pezzi","Frutta","KG","0.00","","4","false","",""
"Semi Di Zucca 200gr","Ortaggi","KG","0.00","","4","false","",""
"Pacco Di Frutta Esotica Natalizio Piccolo ( Consegna Dal 22 Dicembre )","Frutta","KG","0.00","","4","false","",""
"Radicchio Lungo 1kg","Frutta","KG","0.00","","4","false","",""
"Passion Fruit 3 Pezzi","Frutta Esotica","KG","0.00","","4","false","",""
"Pomodori Verdi 1kg","Ortaggi","KG","0.00","","4","false","",""
"Melanzane Grigliate Sott'olio 1kg","Frutta","KG","0.00","","4","false","",""
"Mapo 1kg","Frutta","KG","0.00","","4","false","",""
"Noci 1kg","Frutta Secca","KG","0.00","","4","false","",""
"Friarielli Sott'olio 1 Kg","Frutta","KG","0.00","","4","false","",""
"Kako Mela ( Persimon ) Xl 1pz","Frutta","PEZZI","0.00","","4","false","",""
"Carciofini 1kg","Frutta","KG","0.00","","4","false","",""
"Carambola ( 1 Cassa )","Frutta","KG","0.00","","4","false","",""
"Cocco Disidratato 200gr","Frutta Esotica","KG","0.00","","4","false","",""
"Pomodoro Ciliegino","Ortaggi","KG","0.00","","4","false","",""
"Canasta 1pezzo","Ortaggi","PEZZI","0.00","","4","false","",""
"Pera Nashi 1 Frutto","Frutta","PEZZI","0.00","","4","false","",""
"Jackfruit ( Prodotto Su Ordinazione )","Frutta","KG","0.00","","4","false","",""
"Prezzemolo Fresco 1mz","Frutta","KG","0.00","","4","false","",""
"Tamarindo","Frutta Esotica","KG","0.00","","4","false","",""
"Kumquat 1kg","Frutta","KG","0.00","","4","false","",""
"Zucchine A Fette Da Grigliare","Frutta","KG","0.00","","4","false","",""
"Filetti Di Arancio Ricoperti Di Cioccolato","Frutta","KG","0.00","","4","false","",""
"Pepino 1 Pezzo","Frutta","PEZZI","0.00","","4","false","",""
"Insalata Iceberg","Frutta","KG","0.00","","4","false","",""
"Ananas Pulita A Fette 500gr","Frutta","KG","0.00","","4","false","",""
"Lime 0.5kg","Frutta Esotica","KG","0.00","","4","false","",""
"Litchi ( 1 Confezione ) 250gr","Frutta","KG","0.00","","4","false","",""
"Ananas Gold Via Aerea 1pz.","Frutta","PEZZI","0.00","","4","false","",""
"Patate Dolci Pasta Arancio 1kg","Ortaggi","KG","0.00","","4","false","",""
"Cavolini Di Bruxelles 1 Confezione 350gr","Ortaggi","KG","0.00","","4","false","",""
"Bietola 1kg","Ortaggi","KG","0.00","","4","false","",""
"Pesche Sciroppate 700gr","Frutta","KG","0.00","","4","false","",""
"Mango 1 Frutto","Frutta Esotica","PEZZI","0.00","","4","false","",""
"Guava ( 1 Cassa ) 20 Frutti","Frutta","KG","0.00","","4","false","",""
"Spaghettoni Acqua E Farina 500gr","Frutta","KG","0.00","","4","false","",""
"Miele Eucalipto 400gr","Frutta","KG","0.00","","4","false","",""
"Mela Golden Delicious 1kg","Frutta","KG","0.00","","4","false","",""
"Box Agrumi 6kg","Frutta","KG","0.00","","4","false","",""
"Cavolo Cappuccio 1 Pezzo","Ortaggi","PEZZI","0.00","","4","false","",""
"Guanciale Trancio 300gr","Frutta","KG","0.00","","4","false","",""
"Pomodoro Ciliegino 0,5kg","Ortaggi","KG","0.00","","4","false","",""
"Microgreen Shiso Leaves Mix","Frutta","KG","0.00","","4","false","",""
"Pere Opera Abate Fetel 1kg","Frutta","KG","0.00","","4","false","",""
"Miele Arancio 400gr","Frutta","KG","0.00","","4","false","",""
"Miele Millefiori 400gr","Frutta","KG","0.00","","4","false","",""
"Nocciole Da Sgusciare 1kg","Frutta Secca","KG","0.00","","4","false","",""
"Banane Chiquita","Frutta Esotica","KG","0.00","","4","false","",""
"Maggiorana Fresca 1mz","Frutta","KG","0.00","","4","false","",""
"Pacco Natalizio Di Frutta E Verdura Grande ( Consegna Dal 22 Dicembre )","Frutta","KG","0.00","","4","false","",""
"Mele Annurca 5kg","Frutta","KG","0.00","","4","false","",""
"Spinacino","Frutta","KG","0.00","","4","false","",""
"Coppiette Suino 250gr","Frutta","KG","0.00","","4","false","",""
"Fragole Disidratate 500gr","Frutta Secca","KG","0.00","","4","false","",""
"Puntarelle A Mazzi 1kg","Frutta","MAZZO","0.00","","4","false","",""
"Mais Cancha 1kg","Frutta","KG","0.00","","4","false","",""
"Pere Williams Rosse 1 Kg","Frutta","KG","0.00","","4","false","",""
"Miyagawa 1kg","Frutta","KG","0.00","","4","false","",""
"Radicchio Variegato 1kg","Frutta","KG","0.00","","4","false","",""
"Insalata Canasta 1 Pianta","Frutta","KG","0.00","","4","false","",""
"Patata Dolce A Pasta Bianca","Ortaggi","KG","0.00","","4","false","",""
"Pinoli Italia","Frutta Secca","KG","0.00","","4","false","",""
"Scalogno","Frutta","KG","0.00","","4","false","",""
"Rosmarino Vaso14","Ortaggi","KG","0.00","","4","false","",""
"Carciofi Interi Sott'olio 1kg","Frutta","KG","0.00","","4","false","",""
"Mais Morado Secco 1kg","Frutta","KG","0.00","","4","false","",""
"Pomodoro Da Riso 1kg","Ortaggi","KG","0.00","","4","false","",""
"Mele Golden Trentino","Frutta","KG","0.00","","4","false","",""
"Mela Granny Smith 1kg","Frutta","KG","0.00","","4","false","",""
"Cassetta Di Avocado ( 9 Frutti )","Frutta","KG","0.00","","4","false","",""
"Platano 1 Frutto","Frutta","PEZZI","0.00","","4","false","",""
"Bergamotto Naturale 5kg","Frutta","KG","0.00","","4","false","",""
"Peperoni Gialli Dolci","Frutta","KG","0.00","","4","false","",""
"Puntarelle Pulite A Mano","Frutta","KG","0.00","","4","false","",""
"Guava 1 Frutto","Frutta","PEZZI","0.00","","4","false","",""
"Tamarillo 1 Frutto","Frutta","PEZZI","0.00","","4","false","",""
"Cetrioli 1kg","Frutta","KG","0.00","","4","false","",""
"Patate Per Friggere","Ortaggi","KG","0.00","","4","false","",""
"Mele Samboa 1kg","Frutta","KG","0.00","","4","false","",""
"Finger Lime ( Faustrime ) 500gr","Frutta Esotica","KG","0.00","","4","false","",""
"Minestrone Fresco","Frutta","KG","0.00","","4","false","",""
"Succo Di Guava 1lt","Frutta","KG","0.00","","4","false","",""
"Bananito Via Aerea 1kg","Frutta Esotica","KG","0.00","","4","false","",""
"Macedonia Di Fragole","Frutta","KG","0.00","","4","false","",""
"Fragole Extra","Frutta","KG","0.00","","4","false","",""
"Bananito ( 1 Confezione ) 250gr","Frutta Esotica","KG","0.00","","4","false","",""
"Kumquat Disidratato 200gr","Frutta","KG","0.00","","4","false","",""
"Pompelmo Rosa 1kg","Frutta","KG","0.00","","4","false","",""
"Kale Riccio","Frutta","KG","0.00","","4","false","",""
"Limoni 10kg","Frutta","KG","0.00","","4","false","",""
"Granadilla ( 1 Cassa )","Frutta","KG","0.00","","4","false","",""
"Olive Da Condire 1kg","Frutta","KG","0.00","","4","false","",""
"Papaya Formosa 3pz","Frutta Esotica","PEZZI","0.00","","4","false","",""
"Insalata Lattuga 1 Pz","Frutta","PEZZI","0.00","","4","false","",""
"Fichi D'india ( 2 Frutti )","Frutta","KG","0.00","","4","false","",""
"Cipolla Bianca 1kg","Ortaggi","KG","0.00","","4","false","",""
"Limoni","Frutta","KG","0.00","","4","false","",""
"Fungo Pioppino 500gr.","Frutta","KG","0.00","","4","false","",""
"Patate Rosse 1 Kg","Ortaggi","KG","0.00","","4","false","",""
"Mango Via Aerea","Frutta Esotica","KG","0.00","","4","false","",""
"Broccolo Siciliano 1 Pezzo","Ortaggi","PEZZI","0.00","","4","false","",""
"Patate Da Forno","Ortaggi","KG","0.00","","4","false","",""
"Carciofo Romanesco","Frutta","KG","0.00","","4","false","",""
"Tonno All'olio Di Oliva 180gr","Frutta","KG","0.00","","4","false","",""
"Mango Disidratato 200gr","Frutta Esotica","KG","0.00","","4","false","",""
"Box Frutta Grande","Frutta","KG","0.00","","4","false","",""
"Noci Pecan 1kg","Frutta Secca","KG","0.00","","4","false","",""
"Ciliegie Disidratate 200gr","Frutta","KG","0.00","","4","false","",""
"Patate Dolci Pasta Arancio 10kg","Frutta","KG","0.00","","4","false","",""
"Patate Stick","Frutta","KG","0.00","","4","false","",""
"Fungo Champignon Affettato 1 Conf","Frutta","KG","0.00","","4","false","",""
"Tonno All'olio Di Oliva 330gr","Frutta","KG","0.00","","4","false","",""
"Aneto Fresco 1 Mz","Frutta","KG","0.00","","4","false","",""
"Papaya Disidratata 500gr","Frutta Secca","KG","0.00","","4","false","",""
"Alchechengi ( Physalis ) 1 Vaschetta 100gr","Frutta Esotica","KG","0.00","","4","false","",""
"Insalata Mista 500gr","Frutta","KG","0.00","","4","false","",""
"Fagioli Dall'occhio 1 Bustina (333gr)","Frutta","KG","0.00","","4","false","",""
"Carciofo Romanesco 20pz","Frutta","PEZZI","0.00","","4","false","",""
"Peperoni Rossi 1kg","Frutta","KG","0.00","","4","false","",""
"Topinambur 500gr","Frutta","KG","0.00","","4","false","",""
"Cocomero Baby ( Anguria ) 1 Pezzo","Frutta","PEZZI","0.00","","4","false","",""
"Cavolfiore Verde 1 Pezzo","Ortaggi","PEZZI","0.00","","4","false","",""
"Kiwi Disidratato 200gr","Frutta Esotica","KG","0.00","","4","false","",""
"Fragole 1 Cestino","Frutta","KG","0.00","","4","false","",""
"Aglio Rosso","Ortaggi","KG","0.00","","4","false","",""
"Biedina","Frutta","KG","0.00","","4","false","",""
"Carciofo Romanesco 3 Pezzi","Frutta","KG","0.00","","4","false","",""
"Datteri 1 Confezione 250gr","Frutta","KG","0.00","","4","false","",""
"Mandorle Tostate Salate 200gr","Frutta Secca","KG","0.00","","4","false","",""
"Pera Degana 1kg","Frutta","KG","0.00","","4","false","",""
"Melannurca Campana 1kg","Frutta","KG","0.00","","4","false","",""
"Cetriolo Barattiere ( Carosello ) 1 Pezzo","Frutta","PEZZI","0.00","","4","false","",""
"Patate Gialla Di Leonessa 10kg","Frutta","KG","0.00","","4","false","",""
"Cipolla Gialla","Ortaggi","KG","0.00","","4","false","",""
"Radice Amara Di Soncino 1kg","Frutta","KG","0.00","","4","false","",""
"Rughetta 1mazzo","Frutta","MAZZO","0.00","","4","false","",""
"Spinaci 1kg","Frutta","KG","0.00","","4","false","",""
"Olive Gaeta D.o.p.","Frutta","KG","0.00","","4","false","",""
"Carote Fresche A Mazzo 1pz","Ortaggi","MAZZO","0.00","","4","false","",""
"Box Agrumi 12 Kg","Frutta","KG","0.00","","4","false","",""
"Carote Fresche","Frutta","KG","0.00","","4","false","",""
"Cachi Vaniglia 1kg","Frutta","KG","0.00","","4","false","",""
"Pacco Natalizio Frutta E Verdura Piccolo ( Consegna Dal 22 Dicembre )","Frutta","KG","0.00","","4","false","",""
"Melone Gialletto A Fette 500gr","Frutta","KG","0.00","","4","false","",""
"Zucchine Nere","Frutta","KG","0.00","","4","false","",""
"Basilico 1mazzo","Erbe Aromatiche","MAZZO","0.00","","4","false","",""
"Salvia Officinalis Vaso14","Ortaggi","KG","0.00","","4","false","",""
"Ananas Disidradato","Frutta Secca","KG","0.00","","4","false","",""
"Broccolo Romanesco 1 Pezzo","Frutta","PEZZI","0.00","","4","false","",""
"Peperonata 500 Gr","Frutta","KG","0.00","","4","false","",""
"Ovetto Verde","Ortaggi","KG","0.00","","4","false","",""
"Funghi Champignon 0,5kg","Frutta","KG","0.00","","4","false","",""
"Carote Viola","Ortaggi","KG","0.00","","4","false","",""
"Zenzero Disidratato Al Naturale","Frutta Secca","KG","0.00","","4","false","",""
"Broccoletti 1kg","Ortaggi","KG","0.00","","4","false","",""
"Albicocche 1 Cestino 0,5kg","Frutta","KG","0.00","","4","false","",""
"Melanzane Striate 1kg","Frutta","KG","0.00","","4","false","",""
"Pecorino Romano Del Lazio Dop Fulvi 3kg","Frutta","KG","0.00","","4","false","",""
"Melanzane Nere 1kg","Frutta","KG","0.00","","4","false","",""
"Physalis Alchechengi Orange 1conf","Frutta","KG","0.00","","4","false","",""
"Noci Sgusciate","Frutta Secca","KG","0.00","","4","false","",""
"Arance Bionde Spremuta 5kg","Frutta","KG","0.00","","4","false","",""
"Spinaci Puliti","Frutta","KG","0.00","","4","false","",""
"Fagioli Borlotti 1kg","Frutta","KG","0.00","","4","false","",""
"Ciliegie 1 Cassa 2,5kg ( Consegna Dal 22 Dicembre )","Frutta","KG","0.00","","4","false","",""
"Lulo 1 Pezzo","Frutta","PEZZI","0.00","","4","false","",""
"Fave Fresche 0,5kg","Frutta","KG","0.00","","4","false","",""
"Sedano Rapa","Ortaggi","KG","0.00","","4","false","",""
"Pompelmo Rosa 5kg","Frutta","KG","0.00","","4","false","",""
"Verza (cavolo) 1pz","Ortaggi","PEZZI","0.00","","4","false","",""
"Cavolfiore Bianco 1 Pezzo","Ortaggi","PEZZI","0.00","","4","false","",""
"Chips Di Topinambur 1 Bustina","Frutta","KG","0.00","","4","false","",""
"Pacco Di Frutta Esotica Natalizio Grande ( Consegna Dal 22 Dicembre )","Frutta","KG","0.00","","4","false","",""
"Alloro Fresco 1mz","Frutta","KG","0.00","","4","false","",""
"Macedonia Fresca Con Frutti Di Bosco 300gr","Frutta","KG","0.00","","4","false","",""
"Zucchine Romanesche 1kg","Ortaggi","KG","0.00","","4","false","",""
"Carote Gialle","Ortaggi","KG","0.00","","4","false","",""
"Mango Ready To Eat 1 Pezzo","Frutta Esotica","PEZZI","0.00","","4","false","",""
"Box Frutta Esotica","Frutta","KG","0.00","","4","false","",""
"Kiwi Zespri Green","Frutta","KG","0.00","","4","false","",""
"Mele Renette 1kg","Frutta","KG","0.00","","4","false","",""
"Timo Fresco 1mz","Frutta","KG","0.00","","4","false","",""
"Macedonia Mango Ananas Kiwi E Mirtilli 300gr","Frutta","KG","0.00","","4","false","",""
"Insalata Indivia 1 Pz","Frutta","PEZZI","0.00","","4","false","",""
"Melone 1 Pezzo","Frutta","PEZZI","0.00","","4","false","",""
"Patate Novelle 1kg","Ortaggi","KG","0.00","","4","false","",""
"Pomodoro Marinda 1kg","Ortaggi","KG","0.00","","4","false","",""
"Kumquat 5kg","Frutta","KG","0.00","","4","false","",""
"Radicchio Tardivo 1 Pianta","Ortaggi","KG","0.00","","4","false","",""
"Pappardelle All&#039;uovo 500gr","Frutta","KG","0.00","","4","false","",""
"Mandorle Sgusciate 1kg","Frutta Secca","KG","0.00","","4","false","",""
"Pak-choi ( Cavolo Cinese ) 1 Pianta","Ortaggi","KG","0.00","","4","false","",""
"Scialatielli Al Basilico 500gr","Frutta","KG","0.00","","4","false","",""
"Noci Sgusciate 1 Kg","Frutta Secca","KG","0.00","","4","false","",""
"Maltagliati All&#039;uovo 500gr","Frutta","KG","0.00","","4","false","",""
"Longan 1 Cestino 10 Frutti","Frutta","KG","0.00","","4","false","",""
"Patate Gialle 1kg","Ortaggi","KG","0.00","","4","false","",""
"Pomodoro Cuore Di Bue 1kg","Ortaggi","KG","0.00","","4","false","",""
"Pitaya Gialla ( Dragon Fruit ) 1 Frutto","Frutta Esotica","PEZZI","0.00","","4","false","",""
"Pomodorini Gialli 1/2kg","Ortaggi","KG","0.00","","4","false","",""
"Peperoncino Diavolicchio 1conf","Frutta","KG","0.00","","4","false","",""
"Carote Al Vapore 250gr","Ortaggi","KG","0.00","","4","false","",""
"Bergamotto","Frutta","KG","0.00","","4","false","",""
"Aglio A Treccia 1kg","Ortaggi","KG","0.00","","4","false","",""
"Frutto Del Drago ( Pitaya)","Frutta Esotica","PEZZI","0.00","","4","false","",""
"Peperoni Rossi Dolci 1kg","Frutta","KG","0.00","","4","false","",""
"Arachidi Pralinati 150gr","Frutta Secca","KG","0.00","","4","false","",""
"Gnocchi Rigati Grandi 500gr","Frutta","KG","0.00","","4","false","",""
"Ciliegie 1 Cestino","Frutta","KG","0.00","","4","false","",""
"Olive Nere Denocciolate","Frutta","KG","0.00","","4","false","",""
"Fettuccine Strette All&#039;uovo 500gr","Frutta","KG","0.00","","4","false","",""
"Dragon Fruit Polpa Bianca","Frutta Esotica","KG","0.00","","4","false","",""
"Fagiolini Fini Puliti","Frutta","KG","0.00","","4","false","",""
"Broccoletti Puliti","Frutta","KG","0.00","","4","false","",""
"Pera Coscia 1kg","Frutta","KG","0.00","","4","false","",""
"Topinambur 5kg","Frutta","KG","0.00","","4","false","",""
"Limoni Foglia Italia 1kg","Frutta","KG","0.00","","4","false","",""
"Pomodoro Liscio Tondo Verde 1kg","Ortaggi","KG","0.00","","4","false","",""
"Tonnarelli All&#039;uovo 500gr","Frutta","KG","0.00","","4","false","",""
"Insalata Cappuccina 1pz","Frutta","PEZZI","0.00","","4","false","",""
"Arancio Tarocco Sicilia 1kg","Frutta","KG","0.00","","4","false","",""
"Zucca Delica 5kg","Ortaggi","KG","0.00","","4","false","",""
"Zenzero Disidratato 100gr","Frutta","KG","0.00","","4","false","",""
"Mele Kissabel 1 Kg","Frutta","KG","0.00","","4","false","",""
"Mela Royal Galante","Frutta","KG","0.00","","4","false","",""
"Barbabietola Rossa 1 Kg","Ortaggi","KG","0.00","","4","false","",""
"Aglio Rosso 10pz","Ortaggi","PEZZI","0.00","","4","false","",""
"Fettuccine Casarecce All&#039;uovo 500gr","Frutta","KG","0.00","","4","false","",""
"Mela Story Inored 1 Kg","Frutta","KG","0.00","","4","false","",""
"Cocco Fresco Da Bere 1pz","Frutta Esotica","PEZZI","0.00","","4","false","",""
"Rabarbaro 6kg","Frutta","KG","0.00","","4","false","",""
"Broccolo Giallo 1pz","Ortaggi","PEZZI","0.00","","4","false","",""
"Calamarata Acqua E Farina 500gr","Frutta","KG","0.00","","4","false","",""
"Barbabietola Rossa Fresca 5kg","Frutta","KG","0.00","","4","false","",""
"Lenticchie Arancioni 500gr","Frutta","KG","0.00","","4","false","",""
"Pitaya/frutto Del Drago ( 1 Cassa ) 5 Frutti","Frutta Esotica","PEZZI","0.00","","4","false","",""
"Orri Jaffa 1kg","Frutta","KG","0.00","","4","false","",""
"Scalogno 500gr","Ortaggi","KG","0.00","","4","false","",""
"Funghi Misti Trifolati 500gr","Frutta","KG","0.00","","4","false","",""
"Pastinaca","Frutta","KG","0.00","","4","false","",""
"Fior Di Guanciale Affettato","Frutta","KG","0.00","","4","false","",""
"Peperoncino Habanero 1 Confezione","Frutta","KG","0.00","","4","false","",""
"Cassetta Frutta Esotica","Frutta","KG","0.00","","4","false","",""
"Maracuja 1 Frutto","Frutta","PEZZI","0.00","","4","false","",""
"Castagne Cotte Al Vapore 200gr","Frutta","KG","0.00","","4","false","",""
"Torroncini Morbidi Alla Fragola","Frutta","KG","0.00","","4","false","",""
"Cherimoya (annona ) 1 Frutto","Frutta","PEZZI","0.00","","4","false","",""
"Uva Red Globe","Frutta","KG","0.00","","4","false","",""
"Carciofotti ( 10 Pezzi )","Frutta","KG","0.00","","4","false","",""
"Chips Di Platano 1 Bustina","Frutta","KG","0.00","","4","false","",""
"Chips Di Manioca 1 Bustina","Frutta","KG","0.00","","4","false","",""
"Aloe Disidratata","Frutta Secca","KG","0.00","","4","false","",""
"Caviale Limone ( Finger Lime ) 70gr","Frutta Esotica","KG","0.00","","4","false","",""
"Zucca Hokkaido 1pz","Ortaggi","PEZZI","0.00","","4","false","",""
"Lardo Di Patanegra Affettato","Frutta","KG","0.00","","4","false","",""
"Curcuma","Frutta","KG","0.00","","4","false","",""
"Mangosteen ( 1 Cassa )","Frutta Esotica","KG","0.00","","4","false","",""
"Zucchine Nere 1kg","Ortaggi","KG","0.00","","4","false","",""
"Gnocchi Di Patate 500gr","Frutta","KG","0.00","","4","false","",""
"Fragole Disidratate 200gr","Frutta","KG","0.00","","4","false","",""
"Fagioli Borlotti Cascia 500gr.","Frutta","KG","0.00","","4","false","",""
"Finger Lime ( Caviale Di Limone) 250 Gr","Frutta Esotica","KG","0.00","","4","false","",""
"Datterino Giallo","Ortaggi","KG","0.00","","4","false","",""
"Origano Cubano 1vaso","Ortaggi","KG","0.00","","4","false","",""
"Pack Choi 1kg","Frutta","KG","0.00","","4","false","",""
"Coriandolo Fresco","Frutta","KG","0.00","","4","false","",""
"Box Frutta E Verdura Mista","Frutta","KG","0.00","","4","false","",""
"Albicocca Reidratata","Frutta Secca","KG","0.00","","4","false","",""
"Lenticchie Tipo Pantelleria 500gr","Frutta","KG","0.00","","4","false","",""
"Cassetta Frutta E Verdura Mista","Frutta","KG","0.00","","4","false","",""
"Fagiolo Borlotto Cuneo 500gr","Frutta","KG","0.00","","4","false","",""
"Origano Essiccato 1mz","Frutta","KG","0.00","","4","false","",""
"Cavolo Rosso ( Crauto ) 1 Pz","Ortaggi","PEZZI","0.00","","4","false","",""
"Box Verdura Grande","Frutta","KG","0.00","","4","false","",""
"Shop - Frutta E Verdura Fresca - Ingrosso Ortofrutta Per Aziende","Frutta","KG","0.00","","4","false","",""
"Mele Pinklady 1kg","Frutta","KG","0.00","","4","false","",""
"Melanzane Lunghe 1kg","Frutta","KG","0.00","","4","false","",""
"Mandarini Sicilia 1kg","Frutta","KG","0.00","","4","false","",""
"Arachidi 0.5kg","Frutta Secca","KG","0.00","","4","false","",""
"Cicoria Pulita 1kg","Frutta","KG","0.00","","4","false","",""
"Tortellini Di Carne 500gr","Frutta","KG","0.00","","4","false","",""
"Olio Extra Vergine Di Oliva Di Nostra Produzione 1lt","Frutta","KG","0.00","","4","false","",""
"Papaya Formosa ( 1 Cassa 4 Frutti )","Frutta Esotica","KG","0.00","","4","false","",""
"Zucca Gialla ( 1 Kg )","Ortaggi","KG","0.00","","4","false","",""
"Cappuccina 1pezzo","Frutta","PEZZI","0.00","","4","false","",""
"Agretti 1 Mazzo","Frutta","MAZZO","0.00","","4","false","",""
"Kumquat 1 Cestino","Frutta","KG","0.00","","4","false","",""
"Sedano 1pz","Ortaggi","PEZZI","0.00","","4","false","",""
"Salvia Fresca 1mz","Frutta","KG","0.00","","4","false","",""
"Tris Di Funghi Sott'olio 1kg","Frutta","KG","0.00","","4","false","",""
"Pomodoro Piccadilly 0.5kg","Ortaggi","KG","0.00","","4","false","",""
"Melanzane Tonde 1kg","Frutta","KG","0.00","","4","false","",""
"Pastinaca Fresca 5kg","Frutta","KG","0.00","","4","false","",""
"Cicoria Campo 1kg","Frutta","KG","0.00","","4","false","",""
"Fagioli Cannellini 500gr","Frutta","KG","0.00","","4","false","",""
"Cipollotto Fresco","Ortaggi","KG","0.00","","4","false","",""
"Pomodori Da Riso 1pezzo","Ortaggi","PEZZI","0.00","","4","false","",""
"Ananas 1 Frutto 2kg","Frutta Esotica","PEZZI","0.00","","4","false","",""
"Carambola ( Star Fruit ) 1 Frutto","Frutta","PEZZI","0.00","","4","false","",""
"Pomodoro Rosso A Grappolo 1kg","Ortaggi","KG","0.00","","4","false","",""
"Broccoletti 2kg","Frutta","KG","0.00","","4","false","",""
"Cipollotto Fresco 1 Mazzo","Ortaggi","MAZZO","0.00","","4","false","",""
"Durian Fruit ( 1 Cassa ) 2 Kg","Frutta","KG","0.00","","4","false","",""
"Anguria ( Cocomero )","Frutta","KG","0.00","","4","false","",""
"Insalatina Baby Leaf 300gr","Frutta","KG","0.00","","4","false","",""
"Ravioli Ricotta E Spinaci 500gr","Frutta","KG","0.00","","4","false","",""
"Zenzero 250gr","Frutta","KG","0.00","","4","false","",""
"Carote A Ciuffo","Frutta","KG","0.00","","4","false","",""
"Passion Fruit ( 1 Cassa ) 2kg","Frutta Esotica","KG","0.00","","4","false","",""
"Capresina Cotta A Legna 250gr","Frutta","KG","0.00","","4","false","",""
"Pitaya Rossa Polpa Bianca 3kg","Frutta","KG","0.00","","4","false","",""
"Cardo Gobbo 2kg","Frutta","KG","0.00","","4","false","",""
"Broccolo Siciliano 1kg","Frutta","KG","0.00","","4","false","",""
"Ravanelli 1 Mazzo","Ortaggi","MAZZO","0.00","","4","false","",""
"Fichi D&#039;india Puliti 6pz","Frutta","PEZZI","0.00","","4","false","",""
"Porro 1kg","Frutta","KG","0.00","","4","false","",""
"Indivia Riccia 1pezzo","Ortaggi","PEZZI","0.00","","4","false","",""
"Pacco Frutta Esotica Premium","Frutta","KG","0.00","","4","false","",""
"Miele Acacia 400gr","Frutta","KG","0.00","","4","false","",""
"Nespole 0,5kg","Frutta","KG","0.00","","4","false","",""
"Aglio Di Montagna 1 Cofanetto","Ortaggi","KG","0.00","","4","false","",""
"Radice Scorzonera 5kg","Frutta","KG","0.00","","4","false","",""
"Barbabietole Rosse Cotte Al Vapore 400gr","Ortaggi","KG","0.00","","4","false","",""
"Taccole 0,5kg","Frutta","KG","0.00","","4","false","",""
"Pomodori Secchi Sott'olio 1kg","Ortaggi","KG","0.00","","4","false","",""
"Avocado Hass","Frutta Esotica","KG","0.00","","4","false","",""
"Broccolo Viola 1pz","Ortaggi","PEZZI","0.00","","4","false","",""
"Melone Giallo Invernale Siciliano 1pz","Frutta","PEZZI","0.00","","4","false","",""
"Carciofi Violetto Pulito 5pz","Frutta","PEZZI","0.00","","4","false","",""
"Torroncini Morbidi Al Pistacchio","Frutta","KG","0.00","","4","false","",""
"Box Personalizzato","Frutta","KG","0.00","","4","false","",""
"Mandorle Da Sgusciare 1kg","Frutta Secca","KG","0.00","","4","false","",""
"Carciofo Romanesco Pulito","Frutta","KG","0.00","","4","false","",""
"Zucca Delica Mantovana","Ortaggi","KG","0.00","","4","false","",""
"Zucca 1 Kg","Ortaggi","KG","0.00","","4","false","",""
"Zucca Delica 1 Pezzo","Ortaggi","PEZZI","0.00","","4","false","",""
"Pomodoro Datterino 0,5kg","Ortaggi","KG","0.00","","4","false","",""
"Mela Fuji 1kg","Frutta","KG","0.00","","4","false","",""
"Granadilla 1 Frutto","Frutta","PEZZI","0.00","","4","false","",""
"Arance Navel 1kg","Frutta","KG","0.00","","4","false","",""
"Zucca Butternut ( Violina ) 1 Pezzo","Ortaggi","PEZZI","0.00","","4","false","",""
"Cocco Disidratato A Fette 500gr","Frutta Secca","KG","0.00","","4","false","",""
"Pompelmo 1 Kg","Frutta","KG","0.00","","4","false","",""
"Pomodoro Piccadilly","Ortaggi","KG","0.00","","4","false","",""
"Papaya Formosa 1 Frutto","Frutta Esotica","PEZZI","0.00","","4","false","",""
"Sedano Rapa 5kg","Frutta","KG","0.00","","4","false","",""
"Noci Franquette Grezza","Frutta Secca","KG","0.00","","4","false","",""
"Lampascioni Pugliesi 1/2kg","Frutta","KG","0.00","","4","false","",""
"Cipolle Rosse","Ortaggi","KG","0.00","","4","false","",""
"Fava Fresca","Frutta","KG","0.00","","4","false","",""
"Noci Lara Grezze","Frutta Secca","KG","0.00","","4","false","",""
"Carote 1kg","Ortaggi","KG","0.00","","4","false","",""
"Box Frutta Piccolo","Frutta","KG","0.00","","4","false","",""
